date,open,high,low,close
1/1/2020,5.95,5.95,5.95,5.95
1/2/2020,5.95,5.96,5.94,5.95
1/3/2020,5.95,5.98,5.95,5.96
1/6/2020,5.97,5.98,5.96,5.97
1/7/2020,5.97,5.98,5.95,5.97
1/8/2020,5.98,5.98,5.91,5.97
1/9/2020,5.91,5.93,5.86,5.91
1/10/2020,5.88,5.89,5.86,5.88
1/13/2020,5.88,5.88,5.85,5.88
1/14/2020,5.87,5.9,5.86,5.87
1/15/2020,5.88,5.9,5.87,5.89
1/16/2020,5.88,5.89,5.84,5.88
1/17/2020,5.86,5.91,5.85,5.86
1/20/2020,5.89,5.92,5.89,5.89
1/21/2020,5.91,5.94,5.91,5.91
1/22/2020,5.93,5.94,5.92,5.93
1/23/2020,5.92,5.94,5.91,5.92
1/24/2020,5.93,5.95,5.92,5.93
1/27/2020,5.95,5.96,5.94,5.94
1/28/2020,5.94,5.95,5.93,5.94
1/29/2020,5.94,5.97,5.94,5.94
1/30/2020,5.96,5.99,5.96,5.96
1/31/2020,5.98,5.99,5.97,5.97
2/3/2020,5.98,5.98,5.98,5.98
2/4/2020,5.98,5.99,5.96,5.98
2/5/2020,5.98,5.99,5.97,5.98
2/6/2020,5.98,5.99,5.98,5.98
2/7/2020,5.99,6.04,5.98,5.99
2/10/2020,5.99,6.02,5.97,5.99
2/11/2020,6.01,6.05,6.0,6.01
2/12/2020,6.02,6.06,6.0,6.02
2/13/2020,6.04,6.06,6.04,6.04
2/14/2020,6.04,6.07,6.04,6.04
2/17/2020,6.05,6.06,6.04,6.05
2/18/2020,6.05,6.07,6.04,6.05
2/19/2020,6.06,6.08,6.05,6.06
2/20/2020,6.08,6.11,6.08,6.08
2/21/2020,6.1,6.12,6.08,6.1
2/24/2020,6.11,6.16,6.09,6.11
2/25/2020,6.12,6.16,6.07,6.12
2/26/2020,6.15,6.16,6.14,6.15
2/27/2020,6.16,6.19,6.15,6.16
2/28/2020,6.21,6.26,6.2,6.21
3/2/2020,6.25,6.25,6.2,6.25
3/3/2020,6.17,6.22,6.03,6.17
3/4/2020,6.11,6.14,6.06,6.11
3/5/2020,6.08,6.12,6.06,6.08
3/6/2020,6.1,6.13,6.07,6.1
3/9/2020,6.12,6.19,6.09,6.12
3/10/2020,6.16,6.16,6.1,6.16
3/11/2020,6.17,6.2,6.13,6.17
3/12/2020,6.21,6.31,6.21,6.21
3/13/2020,6.32,6.32,6.25,6.32
3/16/2020,6.29,6.42,6.28,6.28
3/17/2020,6.42,6.49,6.38,6.43
3/18/2020,6.4,6.48,6.4,6.4
3/19/2020,6.46,6.54,6.46,6.47
3/20/2020,6.54,6.55,6.46,6.54
3/23/2020,6.56,6.61,6.55,6.56
3/24/2020,6.55,6.55,6.44,6.55
3/25/2020,6.43,6.47,6.38,6.44
3/26/2020,6.42,6.5,6.38,6.42
3/27/2020,6.4,6.47,6.39,6.4
3/30/2020,6.46,6.59,6.44,6.46
3/31/2020,6.57,6.6,6.55,6.57
4/1/2020,6.62,6.69,6.61,6.61
4/2/2020,6.71,6.71,6.59,6.71
4/3/2020,6.63,6.74,6.63,6.63
4/6/2020,6.74,6.79,6.72,6.74
4/7/2020,6.77,6.77,6.7,6.77
4/8/2020,6.76,6.79,6.75,6.76
4/9/2020,6.77,6.79,6.62,6.77
4/10/2020,6.66,6.72,6.66,6.69
4/13/2020,6.72,6.8,6.7,6.72
4/14/2020,6.77,6.82,6.76,6.77
4/15/2020,6.81,6.91,6.81,6.82
4/16/2020,6.9,6.95,6.88,6.9
4/17/2020,6.92,6.95,6.83,6.92
4/20/2020,6.9,6.95,6.88,6.9
4/21/2020,6.94,7.0,6.94,6.94
4/22/2020,6.97,7.0,6.96,6.97
4/23/2020,6.98,7.0,6.92,6.98
4/24/2020,6.95,6.99,6.94,6.96
4/27/2020,6.96,6.99,6.95,6.97
4/28/2020,6.99,7.0,6.98,6.99
4/29/2020,6.99,6.99,6.95,6.99
4/30/2020,6.95,6.99,6.94,6.95
5/1/2020,6.99,7.04,6.98,6.99
5/4/2020,7.01,7.05,7.0,7.02
5/5/2020,7.05,7.1,7.03,7.04
5/6/2020,7.08,7.19,7.07,7.08
5/7/2020,7.2,7.27,7.08,7.2
5/8/2020,7.09,7.17,7.08,7.09
5/11/2020,7.08,7.1,7.06,7.09
5/12/2020,7.06,7.07,6.98,7.06
5/13/2020,7.0,7.0,6.97,6.99
5/14/2020,6.97,6.97,6.94,6.97
5/15/2020,6.93,6.93,6.9,6.93
5/18/2020,6.89,6.9,6.83,6.88
5/19/2020,6.87,6.88,6.76,6.88
5/20/2020,6.78,6.8,6.77,6.78
5/21/2020,6.78,6.81,6.78,6.78
5/22/2020,6.78,6.82,6.78,6.79
5/25/2020,6.81,6.82,6.8,6.81
5/26/2020,6.81,6.82,6.7,6.81
5/27/2020,6.72,6.78,6.72,6.73
5/28/2020,6.78,6.82,6.77,6.78
5/29/2020,6.81,6.84,6.81,6.81
6/1/2020,6.8,6.82,6.79,6.8
6/2/2020,6.8,6.81,6.7,6.8
6/3/2020,6.7,6.77,6.68,6.7
6/4/2020,6.72,6.77,6.72,6.72
6/5/2020,6.75,6.78,6.73,6.75
6/8/2020,6.76,6.79,6.75,6.76
6/9/2020,6.77,6.8,6.77,6.78
6/10/2020,6.79,6.79,6.78,6.79
6/11/2020,6.77,6.85,6.77,6.77
6/12/2020,6.84,6.84,6.8,6.84
6/15/2020,6.81,6.86,6.81,6.81
6/16/2020,6.82,6.85,6.81,6.82
6/17/2020,6.83,6.86,6.83,6.83
6/18/2020,6.83,6.86,6.83,6.83
6/19/2020,6.85,6.86,6.83,6.85
6/22/2020,6.85,6.86,6.83,6.85
6/23/2020,6.84,6.86,6.84,6.84
6/24/2020,6.84,6.86,6.84,6.84
6/25/2020,6.85,6.86,6.83,6.85
6/26/2020,6.85,6.86,6.84,6.85
6/29/2020,6.85,6.86,6.85,6.85
6/30/2020,6.84,6.85,6.84,6.85
7/1/2020,6.85,6.86,6.84,6.85
7/2/2020,6.84,6.85,6.84,6.85
7/3/2020,6.85,6.87,6.85,6.85
7/6/2020,6.86,6.87,6.85,6.86
7/7/2020,6.86,6.87,6.85,6.86
7/8/2020,6.85,6.86,6.85,6.85
7/9/2020,6.86,6.87,6.85,6.86
7/10/2020,6.86,6.87,6.86,6.86
7/13/2020,6.86,6.87,6.85,6.86
7/14/2020,6.86,6.87,6.85,6.86
7/15/2020,6.86,6.87,6.85,6.86
7/16/2020,6.86,6.86,6.85,6.85
7/17/2020,6.85,6.87,6.85,6.86
7/20/2020,6.85,6.86,6.85,6.85
7/21/2020,6.85,6.86,6.83,6.85
7/22/2020,6.83,6.85,6.82,6.83
7/23/2020,6.84,6.85,6.84,6.84
7/24/2020,6.84,6.85,6.83,6.84
7/27/2020,6.84,6.88,6.84,6.84
7/28/2020,6.87,6.97,6.86,6.88
7/29/2020,6.94,7.0,6.93,6.94
7/30/2020,6.97,7.0,6.95,6.97
7/31/2020,6.97,6.98,6.96,6.97
8/3/2020,6.98,6.99,6.96,6.97
8/4/2020,6.96,6.98,6.92,6.96
8/5/2020,6.93,7.05,6.89,6.93
8/6/2020,7.05,7.31,7.02,7.05
8/7/2020,7.23,7.36,7.12,7.22
8/10/2020,7.36,7.36,7.24,7.3
8/11/2020,7.33,7.35,7.21,7.33
8/12/2020,7.22,7.33,7.2,7.22
8/13/2020,7.32,7.36,7.3,7.32
8/14/2020,7.33,7.38,7.32,7.33
8/17/2020,7.37,7.4,7.36,7.37
8/18/2020,7.38,7.4,7.35,7.37
8/19/2020,7.37,7.38,7.21,7.36
8/20/2020,7.28,7.35,7.28,7.28
8/21/2020,7.3,7.35,7.2,7.3
8/24/2020,7.32,7.38,7.25,7.28
8/25/2020,7.37,7.4,7.37,7.37
8/26/2020,7.39,7.41,7.33,7.39
8/27/2020,7.35,7.37,7.31,7.35
8/28/2020,7.34,7.37,7.3,7.35
8/31/2020,7.31,7.36,7.3,7.32
9/1/2020,7.35,7.37,7.32,7.35
9/2/2020,7.36,7.39,7.36,7.36
9/3/2020,7.37,7.45,7.36,7.36
9/4/2020,7.42,7.46,7.42,7.42
9/7/2020,7.42,7.46,7.41,7.43
9/8/2020,7.45,7.49,7.44,7.45
9/9/2020,7.48,7.49,7.47,7.48
9/10/2020,7.47,7.49,7.41,7.47
9/11/2020,7.44,7.48,7.44,7.44
9/14/2020,7.47,7.5,7.46,7.47
9/15/2020,7.48,7.5,7.47,7.48
9/16/2020,7.48,7.51,7.48,7.49
9/17/2020,7.49,7.56,7.48,7.49
9/18/2020,7.55,7.57,7.54,7.54
9/21/2020,7.56,7.63,7.55,7.56
9/22/2020,7.62,7.67,7.61,7.62
9/23/2020,7.67,7.71,7.65,7.67
9/24/2020,7.7,7.71,7.55,7.7
9/25/2020,7.61,7.67,7.51,7.62
9/28/2020,7.66,7.83,7.65,7.66
9/29/2020,7.79,7.85,7.76,7.78
9/30/2020,7.8,7.83,7.7,7.81
10/1/2020,7.71,7.77,7.64,7.71
10/2/2020,7.75,7.77,7.72,7.75
10/5/2020,7.76,7.79,7.72,7.74
10/6/2020,7.76,7.8,7.74,7.76
10/7/2020,7.79,7.88,7.78,7.79
10/8/2020,7.87,7.94,7.87,7.87
10/9/2020,7.94,7.95,7.84,7.94
10/12/2020,7.86,7.91,7.85,7.85
10/13/2020,7.88,7.92,7.87,7.89
10/14/2020,7.92,7.96,7.9,7.92
10/15/2020,7.91,7.95,7.9,7.91
10/16/2020,7.93,7.96,7.89,7.93
10/19/2020,7.91,7.92,7.87,7.91
10/20/2020,7.87,7.9,7.86,7.87
10/21/2020,7.86,7.87,7.8,7.86
10/22/2020,7.81,7.98,7.78,7.81
10/23/2020,7.94,7.97,7.93,7.94
10/26/2020,7.97,8.09,7.97,7.97
10/27/2020,8.09,8.19,8.08,8.09
10/28/2020,8.19,8.31,8.18,8.19
10/29/2020,8.27,8.32,8.25,8.26
10/30/2020,8.3,8.38,8.26,8.3
11/2/2020,8.36,8.44,8.33,8.36
11/3/2020,8.44,8.54,8.4,8.43
11/4/2020,8.43,8.51,8.38,8.43
11/5/2020,8.44,8.47,8.4,8.44
11/6/2020,8.42,8.58,8.41,8.42
11/9/2020,8.39,8.44,8.01,8.44
11/10/2020,8.11,8.37,8.07,8.11
11/11/2020,8.17,8.2,7.81,8.15
11/12/2020,7.79,7.89,7.68,7.78
11/13/2020,7.68,7.74,7.6,7.68
11/16/2020,7.62,7.75,7.6,7.62
11/17/2020,7.7,7.79,7.68,7.69
11/18/2020,7.69,7.78,7.67,7.67
11/19/2020,7.71,7.73,7.52,7.69
11/20/2020,7.52,7.67,7.52,7.54
11/23/2020,7.62,7.94,7.61,7.62
11/24/2020,7.88,8.03,7.84,7.87
11/25/2020,7.99,8.01,7.92,7.99
11/26/2020,7.92,7.96,7.85,7.94
11/27/2020,7.88,7.88,7.76,7.87
11/30/2020,7.82,7.86,7.74,7.82
12/1/2020,7.82,7.91,7.8,7.82
12/2/2020,7.82,7.87,7.78,7.82
12/3/2020,7.85,7.91,7.75,7.85
12/4/2020,7.78,7.84,7.75,7.78
12/7/2020,7.8,7.87,7.79,7.8
12/8/2020,7.8,7.84,7.79,7.8
12/9/2020,7.81,7.85,7.79,7.81
12/10/2020,7.82,7.89,7.82,7.82
12/11/2020,7.88,8.02,7.81,7.89
12/14/2020,7.86,7.93,7.83,7.85
12/15/2020,7.85,7.87,7.81,7.85
12/16/2020,7.83,7.84,7.76,7.83
12/17/2020,7.8,7.8,7.69,7.79
12/18/2020,7.7,7.75,7.62,7.7
12/21/2020,7.66,7.73,7.63,7.66
12/22/2020,7.64,7.67,7.61,7.64
12/23/2020,7.65,7.66,7.62,7.66
12/24/2020,7.63,7.67,7.55,7.63
12/25/2020,7.58,7.59,7.54,7.57
12/28/2020,7.58,7.58,7.4,7.57
12/29/2020,7.45,7.47,7.34,7.44
12/30/2020,7.39,7.39,7.31,7.39
12/31/2020,7.37,7.49,7.34,7.37
1/1/2021,7.43,7.44,7.43,7.43
1/4/2021,7.44,7.44,7.34,7.43
1/5/2021,7.42,7.43,7.36,7.42
1/6/2021,7.38,7.39,7.26,7.38
1/7/2021,7.3,7.39,7.24,7.3
1/8/2021,7.33,7.41,7.3,7.33
1/11/2021,7.36,7.52,7.35,7.36
1/12/2021,7.47,7.52,7.42,7.47
1/13/2021,7.45,7.47,7.4,7.45
1/14/2021,7.39,7.45,7.36,7.39
1/15/2021,7.37,7.5,7.36,7.37
1/18/2021,7.45,7.53,7.45,7.45
1/19/2021,7.48,7.48,7.42,7.48
1/20/2021,7.47,7.47,7.39,7.47
1/21/2021,7.42,7.42,7.35,7.41
1/22/2021,7.37,7.44,7.36,7.37
1/25/2021,7.42,7.42,7.36,7.42
1/26/2021,7.41,7.43,7.33,7.41
1/27/2021,7.34,7.41,7.34,7.35
1/28/2021,7.39,7.43,7.34,7.39
1/29/2021,7.34,7.38,7.28,7.35
2/1/2021,7.28,7.29,7.15,7.28
2/2/2021,7.18,7.19,7.09,7.19
2/3/2021,7.19,7.2,7.12,7.19
2/4/2021,7.15,7.17,7.1,7.16
2/5/2021,7.13,7.15,7.03,7.13
2/8/2021,7.06,7.12,7.03,7.06
2/9/2021,7.08,7.13,7.06,7.07
2/10/2021,7.06,7.08,7.03,7.06
2/11/2021,7.06,7.06,7.01,7.06
2/12/2021,7.03,7.05,7.01,7.02
2/15/2021,7.03,7.03,6.94,7.03
2/16/2021,6.96,7.01,6.9,6.96
2/17/2021,6.98,7.05,6.97,6.98
2/18/2021,6.96,7.0,6.92,6.96
2/19/2021,6.97,7.0,6.95,6.97
2/22/2021,6.98,7.08,6.95,6.98
2/23/2021,7.01,7.09,7.0,7.01
2/24/2021,7.11,7.24,7.07,7.1
2/25/2021,7.16,7.26,7.15,7.16
2/26/2021,7.34,7.48,7.3,7.32
3/1/2021,7.42,7.42,7.22,7.41
3/2/2021,7.27,7.41,7.27,7.27
3/3/2021,7.34,7.44,7.29,7.34
3/4/2021,7.46,7.5,7.4,7.46
3/5/2021,7.52,7.56,7.47,7.51
3/8/2021,7.51,7.73,7.5,7.51
3/9/2021,7.76,7.78,7.59,7.76
3/10/2021,7.61,7.66,7.52,7.61
3/11/2021,7.5,7.55,7.43,7.49
3/12/2021,7.46,7.61,7.46,7.48
3/15/2021,7.56,7.61,7.5,7.56
3/16/2021,7.53,7.54,7.46,7.53
3/17/2021,7.49,7.63,7.48,7.49
3/18/2021,7.49,7.56,7.3,7.49
3/19/2021,7.32,7.36,7.21,7.32
3/22/2021,7.3,7.95,7.3,8.1
3/23/2021,7.83,7.93,7.7,7.83
3/24/2021,7.91,8.03,7.82,7.94
3/25/2021,7.88,7.99,7.88,7.91
3/26/2021,7.95,8.08,7.92,7.95
3/29/2021,8.12,8.2,8.02,8.12
3/30/2021,8.24,8.45,8.24,8.24
3/31/2021,8.33,8.39,8.22,8.32
4/1/2021,8.25,8.28,8.1,8.24
4/2/2021,8.11,8.18,7.99,8.11
4/5/2021,8.18,8.24,8.09,8.18
4/6/2021,8.11,8.16,8.09,8.11
4/7/2021,8.13,8.21,8.12,8.14
4/8/2021,8.16,8.17,8.13,8.14
4/9/2021,8.14,8.19,8.12,8.13
4/12/2021,8.16,8.22,8.11,8.17
4/13/2021,8.14,8.17,8.11,8.15
4/14/2021,8.11,8.13,8.04,8.11
4/15/2021,8.08,8.15,8.01,8.08
4/16/2021,8.03,8.11,8.02,8.03
4/19/2021,8.08,8.1,8.03,8.08
4/20/2021,8.08,8.13,8.07,8.09
4/21/2021,8.1,8.2,8.1,8.1
4/22/2021,8.19,8.35,8.18,8.19
4/23/2021,8.3,8.39,8.3,8.3
4/26/2021,8.41,8.48,8.28,8.41
4/27/2021,8.29,8.29,8.18,8.29
4/28/2021,8.22,8.24,8.16,8.21
4/29/2021,8.2,8.25,8.14,8.18
4/30/2021,8.2,8.31,8.19,8.18
5/3/2021,8.29,8.33,8.24,8.27
5/4/2021,8.25,8.34,8.24,8.26
5/5/2021,8.31,8.36,8.3,8.32
5/6/2021,8.31,8.34,8.27,8.33
5/7/2021,8.28,8.3,8.22,8.28
5/10/2021,8.24,8.27,8.23,8.24
5/11/2021,8.26,8.32,8.26,8.27
5/12/2021,8.29,8.44,8.29,8.29
5/13/2021,8.43,8.5,8.43,8.43
5/14/2021,8.5,8.51,8.41,8.5
5/17/2021,8.45,8.45,8.31,8.45
5/18/2021,8.31,8.37,8.3,8.3
5/19/2021,8.35,8.43,8.35,8.36
5/20/2021,8.4,8.41,8.34,8.41
5/21/2021,8.37,8.39,8.36,8.37
5/24/2021,8.42,8.42,8.37,8.42
5/25/2021,8.38,8.48,8.37,8.38
5/26/2021,8.45,8.46,8.41,8.45
5/27/2021,8.45,8.54,8.42,8.45
5/28/2021,8.48,8.61,8.48,8.48
5/31/2021,8.57,8.57,8.46,8.57
6/1/2021,8.48,8.54,8.47,8.49
6/2/2021,8.6,8.65,8.57,8.6
6/3/2021,8.59,8.72,8.58,8.58
6/4/2021,8.71,8.74,8.64,8.71
6/7/2021,8.67,8.69,8.6,8.67
6/8/2021,8.6,8.63,8.58,8.6
6/9/2021,8.6,8.62,8.57,8.6
6/10/2021,8.58,8.59,8.42,8.58
6/11/2021,8.42,8.44,8.28,8.43
6/14/2021,8.39,8.4,8.3,8.38
6/15/2021,8.45,8.59,8.45,8.46
6/16/2021,8.55,8.56,8.5,8.56
6/17/2021,8.62,8.72,8.6,8.62
6/18/2021,8.72,8.74,8.65,8.71
6/21/2021,8.75,8.79,8.72,8.75
6/22/2021,8.77,8.79,8.65,8.78
6/23/2021,8.64,8.67,8.59,8.64
6/24/2021,8.63,8.71,8.62,8.63
6/25/2021,8.7,8.77,8.67,8.7
6/28/2021,8.74,8.76,8.68,8.75
6/29/2021,8.68,8.74,8.68,8.68
6/30/2021,8.73,8.74,8.65,8.73
7/1/2021,8.69,8.72,8.64,8.7
7/2/2021,8.66,8.72,8.65,8.66
7/5/2021,8.69,8.71,8.65,8.69
7/6/2021,8.66,8.7,8.63,8.66
7/7/2021,8.68,8.71,8.65,8.68
7/8/2021,8.68,8.73,8.67,8.68
7/9/2021,8.68,8.7,8.65,8.68
7/12/2021,8.65,8.67,8.62,8.65
7/13/2021,8.63,8.64,8.58,8.63
7/14/2021,8.62,8.64,8.58,8.62
7/15/2021,8.58,8.59,8.55,8.58
7/16/2021,8.56,8.57,8.49,8.56
7/19/2021,8.53,8.61,8.51,8.53
7/20/2021,8.58,8.59,8.53,8.58
7/21/2021,8.57,8.6,8.56,8.57
7/22/2021,8.55,8.57,8.53,8.55
7/23/2021,8.56,8.56,8.53,8.56
7/26/2021,8.55,8.62,8.54,8.55
7/27/2021,8.55,8.58,8.55,8.55
7/28/2021,8.56,8.57,8.54,8.56
7/29/2021,8.56,8.56,8.44,8.55
7/30/2021,8.45,8.48,8.4,8.45
8/2/2021,8.44,8.47,8.34,8.44
8/3/2021,8.35,8.44,8.3,8.35
8/4/2021,8.4,8.49,8.38,8.4
8/5/2021,8.47,8.57,8.47,8.48
8/6/2021,8.53,8.64,8.52,8.53
8/9/2021,8.63,8.67,8.61,8.63
8/10/2021,8.65,8.66,8.59,8.65
8/11/2021,8.6,8.68,8.56,8.6
8/12/2021,8.63,8.63,8.53,8.63
8/13/2021,8.56,8.58,8.52,8.56
8/16/2021,8.51,8.52,8.45,8.51
8/17/2021,8.46,8.48,8.39,8.45
8/18/2021,8.43,8.49,8.42,8.43
8/19/2021,8.45,8.55,8.44,8.45
8/20/2021,8.53,8.56,8.48,8.53
8/23/2021,8.49,8.49,8.43,8.49
8/24/2021,8.43,8.44,8.4,8.43
8/25/2021,8.41,8.42,8.37,8.41
8/26/2021,8.37,8.4,8.35,8.37
8/27/2021,8.38,8.4,8.34,8.38
8/30/2021,8.35,8.39,8.32,8.35
8/31/2021,8.37,8.38,8.29,8.37
9/1/2021,8.32,8.33,8.27,8.3
9/2/2021,8.29,8.3,8.26,8.28
9/3/2021,8.28,8.35,8.27,8.28
9/6/2021,8.31,8.33,8.27,8.31
9/7/2021,8.28,8.35,8.27,8.28
9/8/2021,8.34,8.48,8.34,8.34
9/9/2021,8.47,8.51,8.44,8.47
9/10/2021,8.44,8.46,8.4,8.44
9/13/2021,8.47,8.47,8.43,8.47
9/14/2021,8.42,8.46,8.41,8.42
9/15/2021,8.43,8.45,8.42,8.43
9/16/2021,8.43,8.53,8.43,8.43
9/17/2021,8.53,8.65,8.5,8.53
9/20/2021,8.64,8.72,8.63,8.64
9/21/2021,8.66,8.67,8.61,8.67
9/22/2021,8.62,8.66,8.61,8.62
9/23/2021,8.66,8.79,8.63,8.66
9/24/2021,8.77,8.87,8.75,8.76
9/27/2021,8.86,8.89,8.81,8.86
9/28/2021,8.82,8.89,8.82,8.81
9/29/2021,8.87,8.89,8.84,8.87
9/30/2021,8.91,8.93,8.86,8.92
10/1/2021,8.88,8.89,8.83,8.89
10/4/2021,8.85,8.88,8.83,8.85
10/5/2021,8.85,8.89,8.85,8.85
10/6/2021,8.86,8.93,8.86,8.86
10/7/2021,8.87,8.88,8.85,8.87
10/8/2021,8.87,8.97,8.86,8.87
10/11/2021,8.96,8.97,8.92,8.96
10/12/2021,8.99,9.04,8.99,8.99
10/13/2021,9.04,9.1,9.02,9.04
10/14/2021,9.15,9.19,9.12,9.15
10/15/2021,9.19,9.24,9.18,9.19
10/18/2021,9.25,9.33,9.24,9.24
10/19/2021,9.34,9.37,9.28,9.34
10/20/2021,9.3,9.35,9.22,9.31
10/21/2021,9.22,9.48,9.21,9.21
10/22/2021,9.52,9.65,9.49,9.53
10/25/2021,9.71,9.82,9.54,9.67
10/26/2021,9.58,9.62,9.41,9.59
10/27/2021,9.53,9.54,9.47,9.53
10/28/2021,9.49,9.63,9.46,9.51
10/29/2021,9.52,9.62,9.52,9.53
11/1/2021,9.58,9.6,9.49,9.58
11/2/2021,9.54,9.6,9.47,9.54
11/3/2021,9.6,9.74,9.59,9.6
11/4/2021,9.64,9.76,9.64,9.64
11/5/2021,9.69,9.74,9.68,9.69
11/8/2021,9.69,9.74,9.67,9.69
11/9/2021,9.69,9.73,9.69,9.68
11/10/2021,9.73,9.87,9.73,9.73
11/11/2021,9.84,9.97,9.84,9.84
11/12/2021,9.92,9.99,9.87,9.92
11/15/2021,10.03,10.07,9.95,10.03
11/16/2021,10.06,10.37,10.05,10.06
11/17/2021,10.34,10.68,10.33,10.34
11/18/2021,10.73,11.27,10.45,10.73
11/19/2021,11.06,11.29,10.82,11.04
11/22/2021,11.11,11.47,10.95,11.11
11/23/2021,11.4,13.46,11.33,11.41
11/24/2021,12.82,13.15,11.61,12.82
11/25/2021,11.92,12.19,11.83,11.91
11/26/2021,11.99,12.63,11.91,11.98
11/29/2021,12.32,12.85,12.26,12.33
11/30/2021,12.74,13.4,12.65,12.7
12/1/2021,13.51,13.83,12.43,13.5
12/2/2021,13.42,13.81,13.26,13.44
12/3/2021,13.68,13.92,13.42,13.72
12/6/2021,13.67,13.84,13.63,13.63
12/7/2021,13.81,13.84,13.43,13.78
12/8/2021,13.52,13.79,13.5,13.52
12/9/2021,13.68,13.83,13.62,13.68
12/10/2021,13.77,13.95,13.73,13.77
12/13/2021,13.85,14.58,13.64,13.85
12/14/2021,13.81,14.42,13.78,13.8
12/15/2021,14.36,14.81,14.35,14.38
12/16/2021,14.83,15.7,14.76,14.81
12/17/2021,15.65,17.03,15.62,15.66
12/20/2021,16.6,18.35,16.59,16.61
12/21/2021,13.48,13.96,11.04,13.48
12/22/2021,12.38,12.66,11.94,12.27
12/23/2021,12.03,12.06,10.21,12.03
12/24/2021,11.28,12.03,11.09,11.41
12/27/2021,10.72,11.57,10.72,10.81
12/28/2021,11.42,11.9,11.4,11.52
12/29/2021,11.8,12.67,11.79,11.8
12/30/2021,12.64,13.37,12.41,12.64
12/31/2021,13.29,13.58,12.97,13.29
1/3/2022,13.35,13.88,12.81,13.36
1/4/2022,13.06,13.58,12.96,13.06
1/5/2022,13.42,13.63,13.27,13.41
1/6/2022,13.68,13.87,13.47,13.69
1/7/2022,13.8,13.92,13.7,13.78
1/10/2022,13.75,13.93,13.65,13.75
1/11/2022,13.81,13.87,13.7,13.81
1/12/2022,13.76,13.85,13.2,13.76
1/13/2022,13.24,13.66,13.15,13.24
1/14/2022,13.5,13.63,13.44,13.58
1/17/2022,13.43,13.62,13.35,13.43
1/18/2022,13.45,13.64,13.41,13.45
1/19/2022,13.51,13.62,13.34,13.53
1/20/2022,13.37,13.54,13.26,13.42
1/21/2022,13.37,13.46,13.31,13.35
1/24/2022,13.43,13.54,13.34,13.43
1/25/2022,13.46,13.57,13.42,13.43
1/26/2022,13.5,13.61,13.44,13.48
1/27/2022,13.58,13.66,13.54,13.58
1/28/2022,13.61,13.66,13.48,13.62
1/31/2022,13.48,13.57,13.29,13.48
2/1/2022,13.3,13.46,13.27,13.3
2/2/2022,13.4,13.57,13.33,13.35
2/3/2022,13.46,13.61,13.44,13.47
2/4/2022,13.56,13.6,13.51,13.57
2/7/2022,13.55,13.6,13.54,13.56
2/8/2022,13.58,13.66,13.54,13.57
2/9/2022,13.58,13.61,13.53,13.58
2/10/2022,13.55,13.57,13.47,13.54
2/11/2022,13.49,13.56,13.44,13.5
2/14/2022,13.51,13.61,13.49,13.51
2/15/2022,13.6,13.68,13.57,13.59
2/16/2022,13.6,13.64,13.59,13.6
2/17/2022,13.6,13.63,13.56,13.6
2/18/2022,13.53,13.66,13.51,13.52
2/21/2022,13.61,13.66,13.58,13.61
2/22/2022,13.66,13.9,13.64,13.68
2/23/2022,13.77,13.87,13.7,13.76
2/24/2022,13.8,14.62,13.77,13.82
2/25/2022,14.05,14.12,13.73,14.05
2/28/2022,14.05,14.1,13.73,14.03
3/1/2022,13.77,13.96,13.74,13.79
3/2/2022,13.84,14.13,13.79,13.84
3/3/2022,13.99,14.15,13.97,13.98
3/4/2022,14.11,14.26,14.08,14.11
3/7/2022,14.24,14.42,14.22,14.24
3/8/2022,14.37,14.58,14.37,14.38
3/9/2022,14.51,14.68,14.47,14.49
3/10/2022,14.66,14.92,14.62,14.66
3/11/2022,14.87,14.99,14.64,14.84
3/14/2022,14.74,14.89,14.71,14.75
3/15/2022,14.79,14.84,14.53,14.77
3/16/2022,14.7,14.75,14.62,14.7
3/17/2022,14.59,14.8,14.55,14.56
3/18/2022,14.71,14.82,14.7,14.7
3/21/2022,14.81,14.85,14.77,14.81
3/22/2022,14.82,14.85,14.8,14.82
3/23/2022,14.82,14.85,14.78,14.82
3/24/2022,14.83,14.87,14.81,14.83
3/25/2022,14.83,14.85,14.81,14.84
3/28/2022,14.83,14.85,14.81,14.83
3/29/2022,14.82,14.84,14.45,14.82
3/30/2022,14.57,14.68,14.59,14.57
3/31/2022,14.65,14.69,14.62,14.65
4/1/2022,14.67,14.7,14.65,14.67
4/4/2022,14.67,14.71,14.67,14.67
4/5/2022,14.69,14.73,14.67,14.69
4/6/2022,14.72,14.74,14.7,14.72
4/7/2022,14.7,14.76,14.7,14.7
4/8/2022,14.75,14.76,14.73,14.75
4/11/2022,14.74,14.75,14.63,14.74
4/12/2022,14.66,14.69,14.55,14.66
4/13/2022,14.58,14.6,14.56,14.58
4/14/2022,14.59,14.63,14.58,14.59
4/15/2022,14.62,14.66,14.58,14.62
4/18/2022,14.62,14.65,14.61,14.62
4/19/2022,14.64,14.67,14.64,14.64
4/20/2022,14.65,14.68,14.63,14.65
4/21/2022,14.67,14.7,14.66,14.67
4/22/2022,14.7,14.75,14.7,14.7
4/25/2022,14.75,14.78,14.72,14.75
4/26/2022,14.77,14.81,14.77,14.77
4/27/2022,14.8,14.83,14.79,14.8
4/28/2022,14.81,14.83,14.74,14.81
4/29/2022,14.79,14.86,14.75,14.79
5/2/2022,14.85,14.9,14.85,14.85
5/3/2022,14.89,14.9,14.79,14.89
5/4/2022,14.81,14.84,14.76,14.81
5/5/2022,14.74,14.87,14.71,14.74
5/6/2022,14.87,14.95,14.86,14.87
5/9/2022,14.94,15.11,14.92,14.94
5/10/2022,15.1,15.27,15.09,15.1
5/11/2022,15.33,15.37,15.25,15.33
5/12/2022,15.29,15.4,15.27,15.29
5/13/2022,15.41,15.49,15.4,15.41
5/16/2022,15.48,15.66,15.48,15.48
5/17/2022,15.6,15.88,15.56,15.6
5/18/2022,15.91,15.98,15.79,15.91
5/19/2022,15.96,15.98,15.81,15.96
5/20/2022,15.9,15.98,15.82,15.9
5/23/2022,15.93,15.96,15.69,15.93
5/24/2022,15.93,16.15,15.92,15.93
5/25/2022,16.1,16.4,16.02,16.1
5/26/2022,16.35,16.45,16.26,16.35
5/27/2022,16.36,16.4,16.18,16.36
5/30/2022,16.33,16.39,16.28,16.33
5/31/2022,16.38,16.43,16.33,16.38
6/1/2022,16.38,16.45,16.36,16.38
6/2/2022,16.44,16.48,16.38,16.44
6/3/2022,16.48,16.54,16.47,16.48
6/6/2022,16.51,16.6,16.41,16.51
6/7/2022,16.59,16.77,16.59,16.59
6/8/2022,16.84,17.19,16.81,16.84
6/9/2022,17.18,17.26,17.17,17.18
6/10/2022,17.24,17.26,16.9,17.24
6/13/2022,17.23,17.27,17.05,17.23
6/14/2022,17.27,17.28,17.2,17.27
6/15/2022,17.25,17.3,17.22,17.25
6/16/2022,17.24,17.32,17.21,17.24
6/17/2022,17.3,17.33,17.26,17.3
6/20/2022,17.34,17.35,17.28,17.34
6/21/2022,17.31,17.37,17.3,17.31
6/22/2022,17.35,17.36,17.3,17.35
6/23/2022,17.34,17.37,17.31,17.34
6/24/2022,17.35,17.38,17.2,17.35
6/27/2022,16.67,16.74,16.01,16.67
6/28/2022,16.56,16.67,16.48,16.56
6/29/2022,16.62,16.71,16.53,16.62
6/30/2022,16.63,16.7,16.5,16.63
7/1/2022,16.69,16.76,16.68,16.69
7/4/2022,16.73,16.83,16.71,16.73
7/5/2022,16.78,17.05,16.76,16.78
7/6/2022,17.0,17.25,16.92,17.0
7/7/2022,17.21,17.3,17.18,17.21
7/8/2022,17.26,17.32,17.2,17.26
7/11/2022,17.27,17.39,17.18,17.27
7/12/2022,17.34,17.4,17.21,17.34
7/13/2022,17.28,17.45,17.21,17.28
7/14/2022,17.41,17.5,17.36,17.41
7/15/2022,17.46,17.49,17.34,17.46
7/18/2022,17.34,17.51,17.12,17.34
7/19/2022,17.46,17.59,17.43,17.46
7/20/2022,17.54,17.6,17.46,17.54
7/21/2022,17.59,17.75,17.56,17.59
7/22/2022,17.72,17.76,17.61,17.72
7/25/2022,17.76,17.85,17.74,17.76
7/26/2022,17.83,17.87,17.79,17.83
7/27/2022,17.87,17.93,17.8,17.87
7/28/2022,17.87,17.94,17.83,17.87
7/29/2022,17.95,17.95,17.74,17.95
8/1/2022,17.92,17.95,17.86,17.92
8/2/2022,17.89,17.96,17.85,17.89
8/3/2022,17.94,17.99,17.92,17.94
8/4/2022,17.93,17.97,17.9,17.93
8/5/2022,17.94,17.97,17.92,17.94
8/8/2022,17.92,17.97,17.9,17.92
8/9/2022,17.94,17.96,17.76,17.94
8/10/2022,17.92,17.96,17.82,17.92
8/11/2022,17.87,17.96,17.8,17.87
8/12/2022,17.95,17.96,17.93,17.95
8/15/2022,17.94,17.96,17.92,17.94
8/16/2022,17.95,17.97,17.92,17.95
8/17/2022,17.91,17.96,17.9,17.91
8/18/2022,17.94,18.11,17.93,17.94
8/19/2022,18.08,18.11,18.04,18.08
8/22/2022,18.09,18.12,18.06,18.09
8/23/2022,18.09,18.13,18.05,18.09
8/24/2022,18.12,18.16,18.08,18.12
8/25/2022,18.15,18.17,18.14,18.15
8/26/2022,18.17,18.19,18.14,18.17
8/29/2022,18.17,18.19,18.14,18.17
8/30/2022,18.18,18.19,18.16,18.18
8/31/2022,18.15,18.22,18.13,18.15
9/1/2022,18.19,18.21,18.16,18.19
9/2/2022,18.21,18.23,18.19,18.21
9/5/2022,18.21,18.23,18.17,18.21
9/6/2022,18.21,18.23,18.19,18.21
9/7/2022,18.23,18.25,18.21,18.23
9/8/2022,18.22,18.24,18.22,18.22
9/9/2022,18.24,18.24,18.2,18.24
9/12/2022,18.22,18.25,18.2,18.22
9/13/2022,18.22,18.26,18.21,18.22
9/14/2022,18.25,18.26,18.23,18.25
9/15/2022,18.23,18.27,18.23,18.23
9/16/2022,18.27,18.29,18.24,18.27
9/19/2022,18.25,18.3,18.24,18.25
9/20/2022,18.29,18.31,18.28,18.29
9/21/2022,18.31,18.33,18.3,18.31
9/22/2022,18.32,18.4,18.31,18.32
9/23/2022,18.34,18.42,18.32,18.34
9/26/2022,18.43,18.46,18.39,18.43
9/27/2022,18.45,18.49,18.42,18.45
9/28/2022,18.44,18.54,18.36,18.44
9/29/2022,18.52,18.55,18.42,18.52
9/30/2022,18.5,18.55,18.46,18.5
10/3/2022,18.52,18.57,18.43,18.52
10/4/2022,18.52,18.59,18.43,18.52
10/5/2022,18.57,18.63,18.52,18.57
10/6/2022,18.55,18.59,18.54,18.55
10/7/2022,18.58,18.59,18.55,18.58
10/10/2022,18.58,18.62,18.48,18.58
10/11/2022,18.58,18.65,18.56,18.58
10/12/2022,18.58,18.6,18.5,18.58
10/13/2022,18.51,18.59,18.46,18.51
10/14/2022,18.55,18.59,18.53,18.55
10/17/2022,18.59,18.59,18.55,18.59
10/18/2022,18.55,18.59,18.54,18.55
10/19/2022,18.58,18.59,18.57,18.58
10/20/2022,18.59,18.6,18.55,18.59
10/21/2022,18.59,18.6,18.56,18.59
10/24/2022,18.55,18.63,18.51,18.55
10/25/2022,18.59,18.61,18.47,18.59
10/26/2022,18.61,18.61,18.5,18.61
10/27/2022,18.59,18.64,18.51,18.59
10/28/2022,18.61,18.63,18.55,18.61
10/31/2022,18.57,18.64,18.56,18.57
11/1/2022,18.62,18.63,18.58,18.62
11/2/2022,18.6,18.63,18.53,18.6
11/3/2022,18.61,18.64,18.6,18.61
11/4/2022,18.61,18.62,18.58,18.61
11/7/2022,18.6,18.61,18.57,18.6
11/8/2022,18.44,18.61,18.44,18.44
11/9/2022,18.54,18.6,18.52,18.54
11/10/2022,18.59,18.61,18.46,18.59
11/11/2022,18.48,18.58,18.47,18.48
11/14/2022,18.49,18.61,18.5,18.49
11/15/2022,18.59,18.62,18.55,18.59
11/16/2022,18.61,18.62,18.58,18.61
11/17/2022,18.6,18.62,18.6,18.6
11/18/2022,18.6,18.62,18.57,18.6
11/21/2022,18.61,18.63,18.57,18.61
11/22/2022,18.6,18.64,18.59,18.6
11/23/2022,18.61,18.63,18.59,18.61
11/24/2022,18.61,18.63,18.6,18.61
11/25/2022,18.63,18.64,18.59,18.63
11/28/2022,18.6,18.63,18.59,18.6
11/29/2022,18.62,18.65,18.56,18.62
11/30/2022,18.64,18.65,18.58,18.64
12/1/2022,18.63,18.65,18.58,18.63
12/2/2022,18.63,18.64,18.62,18.63
12/5/2022,18.63,18.64,18.62,18.63
12/6/2022,18.62,18.65,18.62,18.62
12/7/2022,18.63,18.64,18.61,18.63
12/8/2022,18.63,18.65,18.62,18.63
12/9/2022,18.64,18.65,18.63,18.64
12/12/2022,18.64,18.65,18.62,18.64
12/13/2022,18.62,18.65,18.5,18.62
12/14/2022,18.63,18.65,18.56,18.63
12/15/2022,18.61,18.65,18.58,18.61
12/16/2022,18.64,18.65,18.62,18.64
12/19/2022,18.62,18.65,18.61,18.62
12/20/2022,18.65,18.67,18.63,18.65
12/21/2022,18.64,18.67,18.63,18.64
12/22/2022,18.65,18.68,18.64,18.65
12/23/2022,18.67,18.69,18.66,18.67
12/26/2022,18.62,18.71,18.58,18.62
12/27/2022,18.66,18.79,18.57,18.66
12/28/2022,18.66,18.73,18.62,18.66
12/29/2022,18.69,18.73,18.69,18.69
12/30/2022,18.7,18.72,18.69,18.7
1/2/2023,18.64,18.73,18.64,18.64
1/3/2023,18.74,18.75,18.69,18.74
1/4/2023,18.71,18.77,18.71,18.71
1/5/2023,18.74,18.77,18.73,18.74
1/6/2023,18.77,18.79,18.67,18.77
1/9/2023,18.77,18.78,18.51,18.77
1/10/2023,18.76,18.78,18.51,18.76
1/11/2023,18.75,18.81,18.75,18.75
1/12/2023,18.77,18.78,18.74,18.77
1/13/2023,18.78,18.8,18.77,18.78
1/16/2023,18.78,18.8,18.76,18.78
1/17/2023,18.78,18.8,18.75,18.78
1/18/2023,18.75,18.8,18.75,18.75
1/19/2023,18.76,18.8,18.75,18.76
1/20/2023,18.79,18.82,18.77,18.79
1/23/2023,18.79,18.83,18.69,18.79
1/24/2023,18.72,18.82,18.67,18.72
1/25/2023,18.8,18.82,18.79,18.8
1/26/2023,18.8,18.82,18.78,18.8
1/27/2023,18.81,18.82,18.79,18.81
1/30/2023,18.8,18.84,18.74,18.8
1/31/2023,18.81,18.82,18.77,18.81
2/1/2023,18.8,18.82,18.8,18.8
2/2/2023,18.81,18.82,18.8,18.81
2/3/2023,18.81,18.83,18.81,18.81
2/6/2023,18.83,18.84,18.81,18.83
2/7/2023,18.83,18.84,18.82,18.83
2/8/2023,18.83,18.84,18.82,18.83
2/9/2023,18.83,18.84,18.82,18.83
2/10/2023,18.83,18.84,18.82,18.83
2/13/2023,18.83,18.85,18.81,18.83
2/14/2023,18.84,18.85,18.83,18.84
2/15/2023,18.84,18.9,18.73,18.84
2/16/2023,18.85,18.86,18.83,18.85
2/17/2023,18.85,18.87,18.84,18.85
2/20/2023,18.85,18.87,18.84,18.85
2/21/2023,18.86,18.87,18.85,18.86
2/22/2023,18.86,18.88,18.78,18.86
2/23/2023,18.88,18.88,18.86,18.88
2/24/2023,18.86,18.89,18.86,18.86
2/27/2023,18.88,18.96,18.85,18.88
2/28/2023,18.88,18.91,18.87,18.88
3/1/2023,18.88,18.89,18.87,18.88
3/2/2023,18.88,18.89,18.88,18.88
3/3/2023,18.89,18.91,18.82,18.89
3/6/2023,18.89,18.91,18.68,18.89
3/7/2023,18.87,18.92,18.8,18.87
3/8/2023,18.92,18.99,18.91,18.92
3/9/2023,18.94,18.96,18.86,18.94
3/10/2023,18.95,19.0,18.52,18.95
3/13/2023,18.96,19.0,18.88,18.96
3/14/2023,18.97,18.98,18.95,18.97
3/15/2023,18.97,19.22,18.9,18.97
3/16/2023,18.99,19.01,18.98,18.99
3/17/2023,19.0,19.01,18.99,19.0
3/20/2023,19.01,19.02,19.0,19.01
3/21/2023,19.01,19.03,18.98,19.01
3/22/2023,19.03,19.05,19.01,19.03
3/23/2023,19.04,19.05,19.03,19.04
3/24/2023,19.06,19.24,19.04,19.06
3/27/2023,19.08,19.1,18.99,19.08
3/28/2023,19.09,19.12,19.08,19.09
3/29/2023,19.12,19.17,19.07,19.12
3/30/2023,19.15,19.18,19.14,19.15
3/31/2023,19.18,19.21,19.15,19.18
4/3/2023,19.19,19.2,19.18,19.19
4/4/2023,19.2,19.23,19.19,19.2
4/5/2023,19.22,19.26,19.21,19.22
4/6/2023,19.25,19.27,19.24,19.25
4/7/2023,19.25,19.28,19.21,19.25
4/10/2023,19.25,19.28,19.24,19.25
4/11/2023,19.27,19.29,19.26,19.27
4/12/2023,19.29,19.32,19.29,19.29
4/13/2023,19.31,19.34,19.29,19.31
4/14/2023,19.34,19.39,19.32,19.34
4/17/2023,19.38,19.42,19.28,19.38
4/18/2023,19.39,19.43,19.38,19.39
4/19/2023,19.4,19.43,19.38,19.4
4/20/2023,19.4,19.41,19.39,19.4
4/21/2023,19.4,19.41,19.39,19.4
4/24/2023,19.41,19.41,19.39,19.41
4/25/2023,19.4,19.43,19.4,19.4
4/26/2023,19.42,19.43,19.41,19.42
4/27/2023,19.42,19.44,19.42,19.42
4/28/2023,19.44,19.46,19.43,19.44
5/1/2023,19.45,19.46,19.44,19.45
5/2/2023,19.45,19.47,19.45,19.45
5/3/2023,19.47,19.49,19.46,19.47
5/4/2023,19.47,19.49,19.47,19.47
5/5/2023,19.49,19.5,19.47,19.49
5/8/2023,19.5,19.55,19.49,19.5
5/9/2023,19.5,19.53,19.5,19.5
5/10/2023,19.52,19.56,19.51,19.52
5/11/2023,19.54,19.59,19.52,19.54
5/12/2023,19.57,19.66,19.5,19.57
5/15/2023,19.63,19.67,19.37,19.63
5/16/2023,19.68,19.73,19.67,19.68
5/17/2023,19.73,19.76,19.73,19.73
5/18/2023,19.76,19.8,19.7,19.76
5/19/2023,19.81,19.82,19.72,19.81
5/22/2023,19.82,19.86,19.76,19.82
5/23/2023,19.84,20.27,19.8,19.84
5/24/2023,19.86,19.89,19.86,19.86
5/25/2023,19.91,19.93,19.89,19.91
5/26/2023,19.97,20.1,19.92,19.97
5/29/2023,19.99,20.1,19.94,19.99
5/30/2023,20.13,20.42,20.12,20.13
5/31/2023,20.61,20.82,20.5,20.61
6/1/2023,20.79,20.81,20.74,20.79
6/2/2023,20.89,20.92,20.82,20.89
6/5/2023,21.08,21.26,21.03,21.08
6/6/2023,21.27,21.52,21.24,21.27
6/7/2023,21.93,23.2,21.89,21.93
6/8/2023,23.3,23.4,23.16,23.3
6/9/2023,23.5,23.54,23.23,23.5
6/12/2023,23.65,23.66,23.41,23.65
6/13/2023,23.66,23.77,23.37,23.66
6/14/2023,23.64,23.68,23.53,23.64
6/15/2023,23.57,23.68,23.51,23.57
6/16/2023,23.65,23.68,23.21,23.65
6/19/2023,23.55,23.67,23.53,23.55
6/20/2023,23.6,23.65,23.26,23.6
6/21/2023,23.57,23.62,23.53,23.57
6/22/2023,23.55,24.76,23.47,23.55
6/23/2023,24.89,25.72,24.35,24.89
6/26/2023,25.32,26.04,25.2,25.32
6/27/2023,25.96,26.16,25.47,25.96
6/28/2023,25.99,26.19,25.92,25.99
6/29/2023,26.06,26.06,25.99,26.06
6/30/2023,26.04,26.07,25.96,26.04
7/3/2023,25.42,26.09,25.42,25.42
7/4/2023,25.86,26.07,25.81,25.86
7/5/2023,25.98,26.12,25.81,25.98
7/6/2023,26.09,26.14,25.75,26.09
7/7/2023,26.13,26.19,26.0,26.13
7/10/2023,26.14,26.21,25.82,26.14
7/11/2023,26.04,26.16,26.02,26.04
7/12/2023,26.11,26.15,26.08,26.11
7/13/2023,26.2,26.23,26.08,26.2
7/14/2023,26.06,26.2,25.95,26.06
7/17/2023,26.25,26.36,25.9,26.25
7/18/2023,26.38,27.0,26.3,26.38
7/19/2023,26.95,27.04,26.86,26.95
7/20/2023,26.82,26.98,26.76,26.82
7/21/2023,26.85,26.94,26.73,26.85
7/24/2023,26.95,26.99,26.9,26.95
7/25/2023,26.97,27.02,26.86,26.97
7/26/2023,26.92,26.96,26.87,26.92
7/27/2023,26.9,26.96,26.86,26.9
7/28/2023,26.96,26.97,26.92,26.96
7/31/2023,26.84,26.97,26.83,26.84
8/1/2023,26.93,27.13,26.87,26.93
8/2/2023,26.97,27.09,26.75,26.97
8/3/2023,26.96,27.0,26.93,26.96
8/4/2023,26.96,27.26,26.77,26.96
8/7/2023,26.99,27.02,26.94,26.99
8/8/2023,27.01,27.03,26.95,27.01
8/9/2023,26.93,27.21,26.87,26.93
8/10/2023,26.95,27.05,26.93,26.95
8/11/2023,27.05,27.45,26.97,27.05
8/14/2023,27.11,27.22,26.73,27.11
8/15/2023,27.06,27.06,27.01,27.06
8/16/2023,27.05,27.07,27.04,27.05
8/17/2023,27.07,27.2,27.06,27.07
8/18/2023,27.12,27.16,27.02,27.12
8/21/2023,27.14,27.2,27.1,27.14
8/22/2023,27.21,27.23,27.13,27.21
8/23/2023,27.2,27.22,27.14,27.2
8/24/2023,27.19,27.25,25.29,27.19
8/25/2023,25.91,26.55,25.65,25.91
8/28/2023,26.35,26.57,26.35,26.35
8/29/2023,26.31,26.63,25.79,26.31
8/30/2023,26.55,26.75,26.37,26.55
8/31/2023,26.68,26.72,26.59,26.68
9/1/2023,26.69,26.73,26.6,26.69
9/4/2023,26.58,26.78,26.58,26.58
9/5/2023,26.77,26.8,26.33,26.77
9/6/2023,26.78,26.82,26.7,26.78
9/7/2023,26.82,26.84,26.71,26.82
9/8/2023,26.86,26.89,26.77,26.86
9/11/2023,26.67,26.88,26.64,26.67
9/12/2023,26.87,26.9,26.86,26.87
9/13/2023,26.92,26.95,26.9,26.92
9/14/2023,26.89,26.98,26.88,26.89
9/15/2023,26.94,27.06,26.87,26.94
9/18/2023,26.79,27.02,26.78,26.79
9/19/2023,26.99,27.03,26.93,26.99
9/20/2023,27.02,27.04,27.0,27.02
9/21/2023,27.02,27.12,26.94,27.02
9/22/2023,27.1,27.17,27.09,27.1
9/25/2023,27.18,27.25,27.17,27.18
9/26/2023,27.21,27.27,27.2,27.21
9/27/2023,27.34,27.39,27.24,27.34
9/28/2023,27.33,27.43,27.32,27.33
9/29/2023,27.46,27.47,27.35,27.46
10/2/2023,27.48,27.51,27.38,27.48
10/3/2023,27.46,27.66,27.28,27.46
10/4/2023,27.53,27.57,27.4,27.53
10/5/2023,27.55,27.57,27.53,27.55
10/6/2023,27.58,27.77,27.53,27.58
10/9/2023,27.71,27.82,27.52,27.71
10/10/2023,27.72,27.77,27.65,27.72
10/11/2023,27.73,27.84,27.69,27.73
10/12/2023,27.72,27.75,27.69,27.72
10/13/2023,27.84,27.88,27.74,27.84
10/16/2023,27.71,27.88,27.51,27.71
10/17/2023,27.87,27.92,27.85,27.87
10/18/2023,27.96,28.02,27.96,27.96
10/19/2023,28.02,28.05,27.96,28.02
10/20/2023,28.02,28.09,27.94,28.02
10/23/2023,28.05,28.07,27.98,28.05
10/24/2023,28.08,28.11,28.07,28.08
10/25/2023,28.12,28.13,28.11,28.12
10/26/2023,28.15,28.17,28.12,28.15
10/27/2023,28.17,28.27,28.15,28.17
10/30/2023,28.2,28.32,28.1,28.2
10/31/2023,28.26,28.54,28.17,28.26
11/1/2023,28.3,28.33,28.29,28.3
11/2/2023,28.32,28.35,28.16,28.32
11/3/2023,28.36,28.49,28.32,28.36
11/6/2023,28.38,28.44,28.33,28.38
11/7/2023,28.45,28.51,28.44,28.45
11/8/2023,28.5,28.54,28.48,28.5
11/9/2023,28.52,28.53,28.46,28.52
11/10/2023,28.53,28.73,28.37,28.53
11/13/2023,28.51,28.59,28.48,28.51
11/14/2023,28.61,28.7,28.58,28.61
11/15/2023,28.64,28.77,28.51,28.64
11/16/2023,28.68,28.69,28.65,28.68
11/17/2023,28.7,28.94,28.57,28.7
11/20/2023,28.65,28.77,28.63,28.65
11/21/2023,28.78,28.8,28.72,28.78
11/22/2023,28.79,28.84,28.78,28.79
11/23/2023,28.83,28.86,28.72,28.83
11/24/2023,28.84,28.91,28.77,28.84
11/27/2023,28.84,28.91,28.84,28.84
11/28/2023,28.91,28.93,28.86,28.91
11/29/2023,28.92,28.95,28.88,28.92
11/30/2023,28.94,28.95,28.8,28.94
12/1/2023,28.89,28.96,28.62,28.89
12/4/2023,28.9,28.94,28.85,28.9
12/5/2023,28.92,28.95,28.88,28.92
12/6/2023,28.91,28.95,28.86,28.91
12/7/2023,28.91,28.94,28.89,28.91
12/8/2023,28.91,28.99,28.91,28.91
12/11/2023,28.88,29.0,28.87,28.88
12/12/2023,28.96,29.05,28.92,28.96
12/13/2023,29.03,29.06,28.98,29.03
12/14/2023,28.99,29.05,28.94,28.99
12/15/2023,28.98,29.06,28.9,28.98
12/18/2023,28.84,29.07,28.77,28.84
12/19/2023,29.04,29.09,29.04,29.04
12/20/2023,29.09,29.13,29.08,29.09
12/21/2023,29.13,29.16,29.12,29.13
12/22/2023,29.1,29.31,28.96,29.1
12/25/2023,28.83,29.3,29.01,28.83
12/26/2023,29.31,29.39,28.87,29.31
12/27/2023,29.31,29.41,29.15,29.31
12/28/2023,29.39,29.47,29.34,29.39
12/29/2023,29.52,29.86,29.33,29.52
1/1/2024,29.02,29.47,29.47,29.02
1/2/2024,29.43,29.75,29.43,29.43
1/3/2024,29.74,29.86,29.71,29.74
1/4/2024,29.78,29.8,29.74,29.78
1/5/2024,29.84,29.88,29.82,29.84
1/8/2024,29.78,29.9,29.78,29.78
1/9/2024,29.91,29.94,29.91,29.91
1/10/2024,29.96,29.97,29.95,29.96
1/11/2024,29.85,30.01,29.82,29.85
1/12/2024,30.06,30.18,30.04,30.06
1/15/2024,30.06,30.1,30.05,30.06
1/16/2024,30.07,30.31,30.07,30.07
1/17/2024,30.12,30.14,30.09,30.12
1/18/2024,30.14,30.19,30.12,30.14
1/19/2024,30.15,30.2,30.13,30.15
1/22/2024,30.19,30.26,30.18,30.19
1/23/2024,30.26,30.63,30.16,30.26
1/24/2024,30.28,30.36,30.13,30.28
1/25/2024,30.25,30.29,30.22,30.25
1/26/2024,30.3,30.39,30.2,30.3
1/29/2024,30.32,30.35,30.2,30.32
1/30/2024,30.35,30.41,30.32,30.35
1/31/2024,30.36,30.38,30.33,30.36
2/1/2024,30.36,30.37,30.32,30.36
2/2/2024,30.44,30.46,30.43,30.44
2/5/2024,30.3,30.55,30.4,30.3
2/6/2024,30.54,30.82,30.48,30.54
2/7/2024,30.54,30.6,30.54,30.54
2/8/2024,30.59,30.61,30.55,30.59
2/9/2024,30.67,30.69,30.63,30.67
2/12/2024,30.65,30.71,30.63,30.65
2/13/2024,30.71,30.73,30.7,30.71
2/14/2024,30.72,30.76,30.7,30.72
2/15/2024,30.75,30.86,30.71,30.75
2/16/2024,30.82,30.84,30.69,30.82
2/19/2024,30.8,30.88,30.8,30.8
2/20/2024,30.87,30.92,30.86,30.87
2/21/2024,30.9,31.0,30.9,30.9
2/22/2024,31.02,31.08,30.89,31.02
2/23/2024,31.07,31.09,31.04,31.07
2/26/2024,31.09,31.13,31.06,31.09
2/27/2024,31.12,31.32,31.1,31.12
2/28/2024,31.15,31.39,31.08,31.15
2/29/2024,31.21,31.28,31.2,31.21
3/1/2024,31.28,31.44,31.24,31.28
3/4/2024,31.39,31.71,31.27,31.39
3/5/2024,31.57,31.66,31.54,31.57
3/6/2024,31.69,31.77,31.67,31.69
3/7/2024,31.8,31.85,31.79,31.8
3/8/2024,31.93,31.97,31.86,31.93
3/11/2024,32.0,32.01,31.97,32.0
3/12/2024,32.04,32.06,32.04,32.04
3/13/2024,32.09,32.93,31.8,32.09
3/14/2024,32.12,32.13,32.1,32.12
3/15/2024,32.19,32.58,32.09,32.19
3/18/2024,32.29,32.31,32.28,32.29
3/19/2024,32.33,32.34,32.32,32.33
3/20/2024,32.37,32.39,32.37,32.37
3/21/2024,32.42,32.44,31.76,32.42
3/22/2024,32.16,32.2,31.92,32.16
3/25/2024,32.09,32.16,31.84,32.09
3/26/2024,32.17,32.2,32.16,32.17
3/27/2024,32.21,32.27,32.19,32.21
3/28/2024,32.3,32.35,32.28,32.3
3/29/2024,32.45,32.51,32.3,32.45
4/1/2024,32.42,32.44,31.83,32.42
4/2/2024,32.26,32.33,31.97,32.26
4/3/2024,32.05,32.08,31.92,32.05
4/4/2024,31.95,31.96,31.86,31.95
4/5/2024,31.94,32.04,31.86,31.94
4/8/2024,32.01,32.2,31.88,32.01
4/9/2024,32.16,32.3,32.08,32.16
4/10/2024,32.22,32.29,32.22,32.22
4/11/2024,32.29,32.31,32.23,32.29
4/12/2024,32.42,33.65,32.13,32.42
4/15/2024,32.4,32.43,32.26,32.4
4/16/2024,32.41,32.5,32.39,32.41
4/17/2024,32.51,32.57,32.48,32.51
4/18/2024,32.47,32.54,32.39,32.47
4/19/2024,32.56,33.74,32.48,32.56
4/22/2024,32.6,32.62,32.47,32.6
4/23/2024,32.56,32.65,32.42,32.56
4/24/2024,32.51,32.58,32.48,32.51
4/25/2024,32.57,32.58,32.46,32.57
4/26/2024,32.54,32.6,32.42,32.54
4/29/2024,32.53,32.53,31.93,32.53
4/30/2024,32.37,32.46,32.27,32.37
5/1/2024,32.4,32.53,32.34,32.4
5/2/2024,32.27,32.42,32.24,32.27
5/3/2024,32.4,32.44,32.29,32.4
5/6/2024,32.3,32.36,32.2,32.3
5/7/2024,32.28,32.31,32.2,32.28
5/8/2024,32.26,32.35,32.24,32.26
5/9/2024,32.35,32.38,32.14,32.35
5/10/2024,32.28,32.3,32.17,32.28
5/13/2024,32.18,32.35,32.13,32.18
5/14/2024,32.25,32.29,32.2,32.25
5/15/2024,32.28,32.32,32.21,32.28
5/16/2024,32.16,32.25,32.04,32.16
5/17/2024,32.26,32.3,32.2,32.26
5/20/2024,32.23,32.29,31.95,32.23
5/21/2024,32.21,32.23,32.17,32.21
5/22/2024,32.19,32.22,32.15,32.19
5/23/2024,32.15,32.23,32.14,32.15
5/24/2024,32.22,32.27,32.2,32.22
5/27/2024,32.22,32.24,32.07,32.22
5/28/2024,32.11,32.24,31.98,32.11
5/29/2024,32.24,32.27,32.19,32.24
5/30/2024,32.26,32.35,32.2,32.26
5/31/2024,32.24,32.31,32.17,32.24
6/3/2024,32.24,32.25,32.16,32.24
6/4/2024,32.18,32.62,32.15,32.18
6/5/2024,32.63,32.66,32.27,32.63
6/6/2024,32.27,32.32,32.16,32.27
6/7/2024,32.29,32.39,32.19,32.29
6/10/2024,32.41,32.54,32.14,32.41
6/11/2024,32.38,32.41,32.33,32.38
6/12/2024,32.36,32.38,32.27,32.36
6/13/2024,32.33,32.4,32.23,32.33
6/14/2024,32.49,32.73,32.48,32.49
6/17/2024,32.66,32.86,32.62,32.66
6/18/2024,32.82,32.84,32.56,32.82
6/19/2024,32.55,32.66,32.44,32.55
6/20/2024,32.51,32.86,32.45,32.51
6/21/2024,32.83,32.88,32.77,32.83
6/24/2024,32.83,32.92,32.69,32.83
6/25/2024,32.92,33.0,32.92,32.92
6/26/2024,32.94,33.01,32.82,32.94
6/27/2024,32.84,32.94,32.8,32.84
6/28/2024,32.89,33.05,32.71,32.89
7/1/2024,32.77,32.79,32.61,32.77
7/2/2024,32.65,32.73,32.54,32.65
7/3/2024,32.54,32.62,32.5,32.54
7/4/2024,32.53,32.58,32.5,32.53
7/5/2024,32.64,32.76,32.6,32.64
7/8/2024,32.67,32.74,32.6,32.67
7/9/2024,32.72,32.92,32.67,32.72
7/10/2024,32.9,33.02,32.85,32.9
7/11/2024,32.88,32.96,32.81,32.88
7/12/2024,32.95,33.07,32.95,32.95
7/15/2024,33.08,33.1,32.77,33.08
7/16/2024,33.02,33.1,32.95,33.02
7/17/2024,33.04,33.1,33.02,33.04
7/18/2024,33.08,33.12,33.05,33.08
7/19/2024,33.09,33.15,33.0,33.09
7/22/2024,33.0,33.1,32.88,33.0
7/23/2024,32.93,32.96,32.78,32.93
7/24/2024,32.84,32.87,32.81,32.84
7/25/2024,32.86,33.11,32.8,32.86
7/26/2024,33.12,33.14,32.94,33.12
7/29/2024,33.02,33.05,32.91,33.02
7/30/2024,33.06,33.09,33.03,33.06
7/31/2024,33.1,33.17,33.09,33.1
8/1/2024,33.18,33.18,33.05,33.18
8/2/2024,33.16,33.72,33.12,33.16
8/5/2024,33.25,33.42,33.2,33.25
8/6/2024,33.39,33.61,33.27,33.39
8/7/2024,33.62,33.62,33.42,33.62
8/8/2024,33.51,33.55,33.46,33.51
8/9/2024,33.53,33.59,33.51,33.53
8/12/2024,33.52,33.59,33.49,33.52
8/13/2024,33.45,33.57,33.43,33.45
8/14/2024,33.51,33.63,33.44,33.51
8/15/2024,33.59,33.67,33.58,33.59
8/16/2024,33.64,33.71,33.65,33.64
8/19/2024,33.69,33.75,33.66,33.69
8/20/2024,33.76,33.89,33.74,33.76
8/21/2024,33.9,33.96,33.88,33.9
8/22/2024,33.92,33.95,33.89,33.92
8/23/2024,33.96,34.01,33.91,33.96
8/26/2024,34.02,34.02,33.96,34.02
8/27/2024,34.03,34.03,33.98,34.03
8/28/2024,34.02,35.66,33.98,34.02
8/29/2024,34.14,34.19,34.04,34.14
8/30/2024,34.08,34.09,34.03,34.08
9/2/2024,34.07,34.08,33.87,34.07
9/3/2024,33.91,34.02,33.9,33.91
9/4/2024,34.0,34.09,33.98,34.0
9/5/2024,34.04,34.05,33.93,34.04
9/6/2024,33.99,34.06,33.93,33.99
9/9/2024,34.0,34.08,33.94,34.0
9/10/2024,34.1,34.1,34.03,34.1
9/11/2024,34.04,34.08,33.91,34.04
9/12/2024,34.0,34.01,33.9,34.0
9/13/2024,33.97,33.98,33.89,33.97
9/16/2024,33.96,34.03,33.89,33.96
9/17/2024,33.98,34.11,33.97,33.98
9/18/2024,34.07,34.11,34.02,34.07
9/19/2024,34.07,34.11,33.98,34.07
9/20/2024,34.08,34.12,34.06,34.08
9/23/2024,34.06,34.15,33.99,34.06
9/24/2024,34.15,34.16,34.1,34.15
9/25/2024,34.11,34.15,34.09,34.11
9/26/2024,34.16,34.17,34.11,34.16
9/27/2024,34.18,34.19,34.13,34.18
9/30/2024,34.15,34.2,34.13,34.15
10/1/2024,34.2,34.22,34.06,34.2
10/2/2024,34.19,34.23,34.1,34.19
10/3/2024,34.23,34.24,34.13,34.23
10/4/2024,34.23,34.26,34.21,34.23
10/7/2024,34.23,34.28,34.22,34.23
10/8/2024,34.25,34.28,34.24,34.25
10/9/2024,34.26,34.28,34.21,34.26
10/10/2024,34.26,34.28,34.16,34.26
10/11/2024,34.25,34.3,34.25,34.25
10/14/2024,34.28,34.3,34.24,34.28
10/15/2024,34.25,34.27,34.19,34.25
10/16/2024,34.19,34.25,34.16,34.19
10/17/2024,34.16,34.23,34.1,34.16
10/18/2024,34.19,34.29,34.15,34.19
10/21/2024,34.28,34.28,34.22,34.28
10/22/2024,34.25,34.26,34.19,34.25
10/23/2024,34.25,34.3,34.22,34.25
10/24/2024,34.27,34.28,34.21,34.27
10/25/2024,34.29,34.3,34.24,34.29
10/28/2024,34.28,34.31,34.26,34.28
10/29/2024,34.29,34.3,34.24,34.29
10/30/2024,34.27,34.3,34.09,34.27
10/31/2024,34.28,34.29,34.22,34.28
11/1/2024,34.29,34.34,34.28,34.29
11/4/2024,34.33,34.35,34.32,34.33
11/5/2024,34.35,34.35,34.31,34.35
11/6/2024,34.31,34.37,34.19,34.31
11/7/2024,34.2,34.27,34.16,34.2
11/8/2024,34.34,34.38,34.3,34.34
11/11/2024,34.35,34.39,34.3,34.35
11/12/2024,34.33,34.38,34.31,34.33
11/13/2024,34.37,34.38,34.23,34.37
11/14/2024,34.35,34.37,34.33,34.35
11/15/2024,34.3,34.43,34.31,34.3
11/18/2024,34.35,34.63,34.34,34.35
11/19/2024,34.57,34.65,34.48,34.57
11/20/2024,34.5,34.55,34.44,34.5
11/21/2024,34.47,34.56,34.42,34.47
11/22/2024,34.53,34.6,34.49,34.53
11/25/2024,34.42,34.62,34.42,34.42
11/26/2024,34.6,34.65,34.59,34.6
11/27/2024,34.65,34.67,34.62,34.65
11/28/2024,34.64,34.67,34.58,34.64
11/29/2024,34.65,34.7,34.65,34.65
12/2/2024,34.7,34.73,34.69,34.69
12/3/2024,34.75,34.75,34.72,34.75
12/4/2024,34.75,34.76,34.73,34.75
12/5/2024,34.74,34.76,34.69,34.74
12/6/2024,34.77,34.8,34.74,34.77
12/9/2024,34.78,34.82,34.77,34.78
12/10/2024,34.82,34.85,34.81,34.82
12/11/2024,34.85,34.87,34.84,34.85
12/12/2024,34.86,34.9,34.83,34.86
12/13/2024,34.95,34.95,34.9,34.95
12/16/2024,34.95,34.97,34.91,34.95
12/17/2024,34.96,34.99,34.92,34.96
12/18/2024,35.01,35.02,34.99,35.01
12/19/2024,35.05,35.12,35.02,35.05
12/20/2024,35.14,35.2,35.13,35.14
12/23/2024,35.13,35.22,35.13,35.13
12/24/2024,35.23,35.26,35.1,35.23
12/25/2024,34.88,35.26,34.88,34.88
12/26/2024,35.12,35.29,35.1,35.12
12/27/2024,35.23,35.29,35.18,35.23
12/30/2024,35.16,35.34,35.15,35.16
12/31/2024,35.31,35.37,35.26,35.31
1/2/2025,35.37,35.38,35.23,35.37
1/3/2025,35.37,35.41,35.16,35.37
